"file";"Experimenter";"from";"to";"type";"ID"
"FST_1_Jin2.json";"Jin";10.574;11.574;"Start_End";"FST_1"
"FST_1_Jin2.json";"Jin";10.809;11.809;"Floating";"FST_1"
"FST_1_Jin2.json";"Jin";160.961;161.898;"Floating";"FST_1"
"FST_1_Jin2.json";"Jin";167.544;173.961;"Floating";"FST_1"
"FST_1_Jin2.json";"Jin";176.377;180.961;"Floating";"FST_1"
"FST_1_Jin2.json";"Jin";187.248;188.877;"Floating";"FST_1"
"FST_1_Jin2.json";"Jin";221.481;223.877;"Floating";"FST_1"
"FST_1_Jin2.json";"Jin";233.085;235.231;"Floating";"FST_1"
"FST_1_Jin2.json";"Jin";238.922;243.731;"Floating";"FST_1"
"FST_1_Jin2.json";"Jin";247.586;255.856;"Floating";"FST_1"
"FST_1_Jin2.json";"Jin";264.226;266.898;"Floating";"FST_1"
"FST_1_Jin2.json";"Jin";277.619;279.647;"Floating";"FST_1"
"FST_1_Jin2.json";"Jin";281.963;290.79;"Floating";"FST_1"
"FST_1_Jin2.json";"Jin";298.004;303.29;"Floating";"FST_1"
"FST_1_Jin2.json";"Jin";307.754;311.611;"Floating";"FST_1"
"FST_1_Jin2.json";"Jin";350.227;353.325;"Floating";"FST_1"
"FST_1_Jin2.json";"Jin";374.182;375.08;"Start_End";"FST_1"
"FST_16_Jin.json";"Jin";13.781;14.781;"Start_End";"FST_16"
"FST_16_Jin.json";"Jin";106.461;107.502;"Floating";"FST_16"
"FST_16_Jin.json";"Jin";127.69;129.315;"Floating";"FST_16"
"FST_16_Jin.json";"Jin";133.773;134.815;"Floating";"FST_16"
"FST_16_Jin.json";"Jin";137.523;138.377;"Floating";"FST_16"
"FST_16_Jin.json";"Jin";146.461;149.544;"Floating";"FST_16"
"FST_16_Jin.json";"Jin";152.643;154.836;"Floating";"FST_16"
"FST_16_Jin.json";"Jin";156.94;158.231;"Floating";"FST_16"
"FST_16_Jin.json";"Jin";163.523;165.19;"Floating";"FST_16"
"FST_16_Jin.json";"Jin";170.153;171.398;"Floating";"FST_16"
"FST_16_Jin.json";"Jin";181.898;194.294;"Floating";"FST_16"
"FST_16_Jin.json";"Jin";201.359;204.669;"Floating";"FST_16"
"FST_16_Jin.json";"Jin";291.183;307.94;"Floating";"FST_16"
"FST_16_Jin.json";"Jin";332.981;342.419;"Floating";"FST_16"
"FST_16_Jin.json";"Jin";367.044;367.627;"Floating";"FST_16"
"FST_16_Jin.json";"Jin";376.231;377.24;"Start_End";"FST_16"
"FST_17_Jin2.json";"Jin";0.002;1.194;"Start_End";"FST_17"
"FST_17_Jin2.json";"Jin";88.711;126.544;"Floating";"FST_17"
"FST_17_Jin2.json";"Jin";142.002;156.981;"Floating";"FST_17"
"FST_17_Jin2.json";"Jin";161.58;167.002;"Floating";"FST_17"
"FST_17_Jin2.json";"Jin";175.361;184.169;"Floating";"FST_17"
"FST_17_Jin2.json";"Jin";190.252;194.44;"Floating";"FST_17"
"FST_17_Jin2.json";"Jin";203.981;211.294;"Floating";"FST_17"
"FST_17_Jin2.json";"Jin";216.622;231.711;"Floating";"FST_17"
"FST_17_Jin2.json";"Jin";242.378;249.44;"Floating";"FST_17"
"FST_17_Jin2.json";"Jin";255.831;263.218;"Floating";"FST_17"
"FST_17_Jin2.json";"Jin";342.691;348.754;"Floating";"FST_17"
"FST_17_Jin2.json";"Jin";350.202;353.111;"Floating";"FST_17"
"FST_17_Jin2.json";"Jin";361.723;362.723;"Start_End";"FST_17"
"FST_22_Jin.json";"Jin";13.185;14.185;"Start_End";"FST_22"
"FST_22_Jin.json";"Jin";123.878;125.523;"Floating";"FST_22"
"FST_22_Jin.json";"Jin";150.808;156.565;"Floating";"FST_22"
"FST_22_Jin.json";"Jin";165.815;170.231;"Floating";"FST_22"
"FST_22_Jin.json";"Jin";188.849;189.294;"Floating";"FST_22"
"FST_22_Jin.json";"Jin";202.231;203.231;"Floating";"FST_22"
"FST_22_Jin.json";"Jin";276.362;277.362;"Floating";"FST_22"
"FST_22_Jin.json";"Jin";372.828;373.56;"Start_End";"FST_22"
"FST_23_Jin2.json";"Jin";15.119;16.119;"Start_End";"FST_23"
"FST_23_Jin2.json";"Jin";144.406;148.19;"Floating";"FST_23"
"FST_23_Jin2.json";"Jin";150.044;153.252;"Floating";"FST_23"
"FST_23_Jin2.json";"Jin";156.146;161.419;"Floating";"FST_23"
"FST_23_Jin2.json";"Jin";180.81;196.023;"Floating";"FST_23"
"FST_23_Jin2.json";"Jin";198.273;210.69;"Floating";"FST_23"
"FST_23_Jin2.json";"Jin";222.513;226.815;"Floating";"FST_23"
"FST_23_Jin2.json";"Jin";231.915;234.981;"Floating";"FST_23"
"FST_23_Jin2.json";"Jin";238.263;242.044;"Floating";"FST_23"
"FST_23_Jin2.json";"Jin";259.859;263.752;"Floating";"FST_23"
"FST_23_Jin2.json";"Jin";280.062;283.981;"Floating";"FST_23"
"FST_23_Jin2.json";"Jin";382.274;382.88;"Start_End";"FST_23"
"FST_25_Jin2.json";"Jin";8.445;9.445;"Start_End";"FST_25"
"FST_25_Jin2.json";"Jin";92.065;99.127;"Floating";"FST_25"
"FST_25_Jin2.json";"Jin";100.044;104.773;"Floating";"FST_25"
"FST_25_Jin2.json";"Jin";107.002;109.315;"Floating";"FST_25"
"FST_25_Jin2.json";"Jin";112.627;116.127;"Floating";"FST_25"
"FST_25_Jin2.json";"Jin";118.086;119.44;"Floating";"FST_25"
"FST_25_Jin2.json";"Jin";126.106;128.919;"Floating";"FST_25"
"FST_25_Jin2.json";"Jin";131.274;132.461;"Floating";"FST_25"
"FST_25_Jin2.json";"Jin";137.127;145.981;"Floating";"FST_25"
"FST_25_Jin2.json";"Jin";173.368;176.565;"Floating";"FST_25"
"FST_25_Jin2.json";"Jin";152.667;156.44;"Floating";"FST_25"
"FST_25_Jin2.json";"Jin";165.708;170.169;"Floating";"FST_25"
"FST_25_Jin2.json";"Jin";181.187;182.856;"Floating";"FST_25"
"FST_25_Jin2.json";"Jin";201.997;203.044;"Floating";"FST_25"
"FST_25_Jin2.json";"Jin";213.248;215.648;"Floating";"FST_25"
"FST_25_Jin2.json";"Jin";299.421;318.856;"Floating";"FST_25"
"FST_25_Jin2.json";"Jin";322.782;348.961;"Floating";"FST_25"
"FST_25_Jin2.json";"Jin";356.023;361.981;"Floating";"FST_25"
"FST_25_Jin2.json";"Jin";371.134;371.8;"Start_End";"FST_25"
"FST_28_Jin2.json";"Jin";12.774;13.774;"Start_End";"FST_28"
"FST_28_Jin2.json";"Jin";93.842;96.919;"Floating";"FST_28"
"FST_28_Jin2.json";"Jin";112.065;113.856;"Floating";"FST_28"
"FST_28_Jin2.json";"Jin";120.57;121.294;"Floating";"FST_28"
"FST_28_Jin2.json";"Jin";126.044;127.419;"Floating";"FST_28"
"FST_28_Jin2.json";"Jin";145.052;147.648;"Floating";"FST_28"
"FST_28_Jin2.json";"Jin";212.742;213.981;"Floating";"FST_28"
"FST_28_Jin2.json";"Jin";276.594;277.565;"Floating";"FST_28"
"FST_28_Jin2.json";"Jin";293.065;301.565;"Floating";"FST_28"
"FST_28_Jin2.json";"Jin";304.497;305.565;"Floating";"FST_28"
"FST_28_Jin2.json";"Jin";314.054;317.94;"Floating";"FST_28"
"FST_28_Jin2.json";"Jin";329.981;347.023;"Floating";"FST_28"
"FST_28_Jin2.json";"Jin";373.24;374.16;"Start_End";"FST_28"
"FST_3_Jin.json";"Jin";12.602;13.602;"Start_End";"FST_3"
"FST_3_Jin.json";"Jin";62.502;64.836;"Floating";"FST_3"
"FST_3_Jin.json";"Jin";73.347;76.961;"Floating";"FST_3"
"FST_3_Jin.json";"Jin";82.779;84.523;"Floating";"FST_3"
"FST_3_Jin.json";"Jin";88.697;91.002;"Floating";"FST_3"
"FST_3_Jin.json";"Jin";99.306;102.856;"Floating";"FST_3"
"FST_3_Jin.json";"Jin";104.356;107.419;"Floating";"FST_3"
"FST_3_Jin.json";"Jin";116.812;117.211;"Floating";"FST_3"
"FST_3_Jin.json";"Jin";123.001;123.669;"Floating";"FST_3"
"FST_3_Jin.json";"Jin";129.543;131.356;"Floating";"FST_3"
"FST_3_Jin.json";"Jin";135.184;138.315;"Floating";"FST_3"
"FST_3_Jin.json";"Jin";143.407;144.169;"Floating";"FST_3"
"FST_3_Jin.json";"Jin";160.997;175.627;"Floating";"FST_3"
"FST_3_Jin.json";"Jin";188.273;192.398;"Floating";"FST_3"
"FST_3_Jin.json";"Jin";195.898;197.252;"Floating";"FST_3"
"FST_3_Jin.json";"Jin";206.201;208.211;"Floating";"FST_3"
"FST_3_Jin.json";"Jin";214.481;217.481;"Floating";"FST_3"
"FST_3_Jin.json";"Jin";228.065;230.19;"Floating";"FST_3"
"FST_3_Jin.json";"Jin";320.69;329.294;"Floating";"FST_3"
"FST_3_Jin.json";"Jin";336.855;339.356;"Floating";"FST_3"
"FST_3_Jin.json";"Jin";349.069;353.627;"Floating";"FST_3"
"FST_3_Jin.json";"Jin";356.788;358.252;"Floating";"FST_3"
"FST_3_Jin.json";"Jin";365.035;367.877;"Floating";"FST_3"
"FST_3_Jin.json";"Jin";370.544;371.419;"Floating";"FST_3"
"FST_3_Jin.json";"Jin";371.912;372.88;"Start_End";"FST_3"
"FST_7_Jin.json";"Jin";12.271;13.271;"Start_End";"FST_7"
"FST_7_Jin.json";"Jin";66.19;69.377;"Floating";"FST_7"
"FST_7_Jin.json";"Jin";72.106;73.836;"Floating";"FST_7"
"FST_7_Jin.json";"Jin";76.211;76.898;"Floating";"FST_7"
"FST_7_Jin.json";"Jin";79.544;82.106;"Floating";"FST_7"
"FST_7_Jin.json";"Jin";84.252;84.961;"Floating";"FST_7"
"FST_7_Jin.json";"Jin";92.877;93.815;"Floating";"FST_7"
"FST_7_Jin.json";"Jin";99.748;101.794;"Floating";"FST_7"
"FST_7_Jin.json";"Jin";106.127;106.94;"Floating";"FST_7"
"FST_7_Jin.json";"Jin";111.836;112.586;"Floating";"FST_7"
"FST_7_Jin.json";"Jin";115.69;116.731;"Floating";"FST_7"
"FST_7_Jin.json";"Jin";123.398;123.961;"Floating";"FST_7"
"FST_7_Jin.json";"Jin";139.669;142.461;"Floating";"FST_7"
"FST_7_Jin.json";"Jin";150.003;153.023;"Floating";"FST_7"
"FST_7_Jin.json";"Jin";182.773;183.731;"Floating";"FST_7"
"FST_7_Jin.json";"Jin";189.252;191.169;"Floating";"FST_7"
"FST_7_Jin.json";"Jin";197.997;201.336;"Floating";"FST_7"
"FST_7_Jin.json";"Jin";215.44;216.961;"Floating";"FST_7"
"FST_7_Jin.json";"Jin";222.606;225.856;"Floating";"FST_7"
"FST_7_Jin.json";"Jin";245.988;250.856;"Floating";"FST_7"
"FST_7_Jin.json";"Jin";256.315;258.315;"Floating";"FST_7"
"FST_7_Jin.json";"Jin";370.356;371.356;"Start_End";"FST_7"
"FST_9_Jin2.json";"Jin";11.294;12.294;"Start_End";"FST_9"
"FST_9_Jin2.json";"Jin";170.038;173.94;"Floating";"FST_9"
"FST_9_Jin2.json";"Jin";189.231;190.315;"Floating";"FST_9"
"FST_9_Jin2.json";"Jin";200.684;216.565;"Floating";"FST_9"
"FST_9_Jin2.json";"Jin";225.586;227.731;"Floating";"FST_9"
"FST_9_Jin2.json";"Jin";238.678;242.023;"Floating";"FST_9"
"FST_9_Jin2.json";"Jin";253.315;254.606;"Floating";"FST_9"
"FST_9_Jin2.json";"Jin";343.175;348.961;"Floating";"FST_9"
"FST_9_Jin2.json";"Jin";372.358;372.92;"Start_End";"FST_9"
"FST_1_OS.json";"Oliver";10.315;11.688;"Start/End";"FST_1"
"FST_1_OS.json";"Oliver";161.315;162.023;"Floating";"FST_1"
"FST_1_OS.json";"Oliver";180.148;181.19;"Floating";"FST_1"
"FST_1_OS.json";"Oliver";194.252;195.711;"Floating";"FST_1"
"FST_1_OS.json";"Oliver";238.544;243.711;"Floating";"FST_1"
"FST_1_OS.json";"Oliver";247.544;256.086;"Floating";"FST_1"
"FST_1_OS.json";"Oliver";264.211;267.252;"Floating";"FST_1"
"FST_1_OS.json";"Oliver";277.586;279.169;"Floating";"FST_1"
"FST_1_OS.json";"Oliver";282.419;290.502;"Floating";"FST_1"
"FST_1_OS.json";"Oliver";297.419;303.502;"Floating";"FST_1"
"FST_1_OS.json";"Oliver";309.065;310.815;"Floating";"FST_1"
"FST_1_OS.json";"Oliver";308.565;311.856;"Floating";"FST_1"
"FST_1_OS.json";"Oliver";350.106;353.461;"Floating";"FST_1"
"FST_16_OS.json";"Oliver";13.231;14.023;"Start/End";"FST_16"
"FST_16_OS.json";"Oliver";104.794;108.106;"Floating";"FST_16"
"FST_16_OS.json";"Oliver";126.086;129.419;"Floating";"FST_16"
"FST_16_OS.json";"Oliver";133.731;135.919;"Floating";"FST_16"
"FST_16_OS.json";"Oliver";137.398;138.606;"Floating";"FST_16"
"FST_16_OS.json";"Oliver";142.461;145.127;"Floating";"FST_16"
"FST_16_OS.json";"Oliver";145.919;150.106;"Floating";"FST_16"
"FST_16_OS.json";"Oliver";150.606;155.336;"Floating";"FST_16"
"FST_16_OS.json";"Oliver";155.898;159.44;"Floating";"FST_16"
"FST_16_OS.json";"Oliver";162.94;165.981;"Floating";"FST_16"
"FST_16_OS.json";"Oliver";166.981;172.773;"Floating";"FST_16"
"FST_16_OS.json";"Oliver";181.877;195.461;"Floating";"FST_16"
"FST_16_OS.json";"Oliver";200.273;206.502;"Floating";"FST_16"
"FST_16_OS.json";"Oliver";242.127;242.898;"Floating";"FST_16"
"FST_16_OS.json";"Oliver";289.877;304.815;"Floating";"FST_16"
"FST_16_OS.json";"Oliver";306.481;308.398;"Floating";"FST_16"
"FST_16_OS.json";"Oliver";328.752;342.252;"Floating";"FST_16"
"FST_16_OS.json";"Oliver";347.398;355.252;"Floating";"FST_16"
"FST_16_OS.json";"Oliver";357.711;358.69;"Floating";"FST_16"
"FST_16_OS.json";"Oliver";359.731;367.773;"Floating";"FST_16"
"FST_16_OS.json";"Oliver";376.754;377.24;"Start/End";"FST_16"
"FST_17_OS.json";"Oliver";0.044;0.419;"Start/End";"FST_17"
"FST_17_OS.json";"Oliver";176.169;183.981;"Floating";"FST_17"
"FST_17_OS.json";"Oliver";190.336;192.336;"Floating";"FST_17"
"FST_17_OS.json";"Oliver";220.356;222.544;"Floating";"FST_17"
"FST_17_OS.json";"Oliver";361.785;362.785;"Start/End";"FST_17"
"FST_22_OS.json";"Oliver";9.965;10.965;"Start/End";"FST_22"
"FST_22_OS.json";"Oliver";123.336;125.606;"Floating";"FST_22"
"FST_22_OS.json";"Oliver";150.315;157.19;"Floating";"FST_22"
"FST_22_OS.json";"Oliver";162.336;163.336;"Floating";"FST_22"
"FST_22_OS.json";"Oliver";164.877;170.523;"Floating";"FST_22"
"FST_22_OS.json";"Oliver";188.398;189.231;"Floating";"FST_22"
"FST_22_OS.json";"Oliver";197.44;199.169;"Floating";"FST_22"
"FST_22_OS.json";"Oliver";202.211;203.502;"Floating";"FST_22"
"FST_22_OS.json";"Oliver";209.627;215.044;"Floating";"FST_22"
"FST_22_OS.json";"Oliver";259.586;263.023;"Floating";"FST_22"
"FST_22_OS.json";"Oliver";274.002;277.632;"Floating";"FST_22"
"FST_22_OS.json";"Oliver";275.502;278.711;"Floating";"FST_22"
"FST_22_OS.json";"Oliver";290.627;294.377;"Floating";"FST_22"
"FST_22_OS.json";"Oliver";301.065;302.961;"Floating";"FST_22"
"FST_22_OS.json";"Oliver";309.565;315.565;"Floating";"FST_22"
"FST_22_OS.json";"Oliver";333.273;337.398;"Floating";"FST_22"
"FST_22_OS.json";"Oliver";354.315;358.815;"Floating";"FST_22"
"FST_22_OS.json";"Oliver";365.586;366.773;"Floating";"FST_22"
"FST_22_OS.json";"Oliver";370.836;373.461;"Floating";"FST_22"
"FST_22_OS.json";"Oliver";373.461;373.56;"Start/End";"FST_22"
"FST_23_OS.json";"Oliver";15.065;15.877;"Start/End";"FST_23"
"FST_23_OS.json";"Oliver";158.669;159.669;"Floating";"FST_23"
"FST_23_OS.json";"Oliver";181.377;183.106;"Floating";"FST_23"
"FST_23_OS.json";"Oliver";198.523;201.023;"Floating";"FST_23"
"FST_23_OS.json";"Oliver";204.836;207.002;"Floating";"FST_23"
"FST_23_OS.json";"Oliver";224.336;226.627;"Floating";"FST_23"
"FST_23_OS.json";"Oliver";233.315;234.836;"Floating";"FST_23"
"FST_23_OS.json";"Oliver";238.523;239.606;"Floating";"FST_23"
"FST_23_OS.json";"Oliver";239.94;241.731;"Floating";"FST_23"
"FST_23_OS.json";"Oliver";259.377;264.044;"Floating";"FST_23"
"FST_23_OS.json";"Oliver";280.002;284.44;"Floating";"FST_23"
"FST_23_OS.json";"Oliver";346.856;347.731;"Floating";"FST_23"
"FST_23_OS.json";"Oliver";381.813;382.813;"Start/End";"FST_23"
"FST_25_OS.json";"Oliver";8.339;9.339;"_DEFAULT";"FST_25"
"FST_25_OS.json";"Oliver";8.356;9.169;"Start/End";"FST_25"
"FST_25_OS.json";"Oliver";91.856;94.856;"Floating";"FST_25"
"FST_25_OS.json";"Oliver";102.648;104.815;"Floating";"FST_25"
"FST_25_OS.json";"Oliver";125.961;128.961;"Floating";"FST_25"
"FST_25_OS.json";"Oliver";167.19;170.315;"Floating";"FST_25"
"FST_25_OS.json";"Oliver";201.565;202.294;"Floating";"FST_25"
"FST_25_OS.json";"Oliver";334.086;335.565;"Floating";"FST_25"
"FST_25_OS.json";"Oliver";333.315;337.502;"Floating";"FST_25"
"FST_25_OS.json";"Oliver";370.747;371.747;"Start/End";"FST_25"
"FST_28_OS.json";"Oliver";12.669;13.669;"Start/End";"FST_28"
"FST_28_OS.json";"Oliver";94.523;96.794;"Floating";"FST_28"
"FST_28_OS.json";"Oliver";112.69;113.961;"Floating";"FST_28"
"FST_28_OS.json";"Oliver";120.544;121.44;"Floating";"FST_28"
"FST_28_OS.json";"Oliver";340.669;342.336;"Floating";"FST_28"
"FST_28_OS.json";"Oliver";373.314;374.16;"Start/End";"FST_28"
"FST_3_OS.json";"Oliver";9.836;10.872;"Start/End";"FST_3"
"FST_3_OS.json";"Oliver";62.523;64.856;"Floating";"FST_3"
"FST_3_OS.json";"Oliver";73.252;77.336;"Floating";"FST_3"
"FST_3_OS.json";"Oliver";82.419;85.211;"Floating";"FST_3"
"FST_3_OS.json";"Oliver";88.648;91.398;"Floating";"FST_3"
"FST_3_OS.json";"Oliver";98.961;100.94;"Floating";"FST_3"
"FST_3_OS.json";"Oliver";101.856;103.002;"Floating";"FST_3"
"FST_3_OS.json";"Oliver";104.419;107.919;"Floating";"FST_3"
"FST_3_OS.json";"Oliver";110.231;111.211;"Floating";"FST_3"
"FST_3_OS.json";"Oliver";110.169;111.065;"Floating";"FST_3"
"FST_3_OS.json";"Oliver";116.023;117.315;"Floating";"FST_3"
"FST_3_OS.json";"Oliver";122.086;123.94;"Floating";"FST_3"
"FST_3_OS.json";"Oliver";130.002;131.523;"Floating";"FST_3"
"FST_3_OS.json";"Oliver";134.231;138.127;"Floating";"FST_3"
"FST_3_OS.json";"Oliver";142.377;144.877;"Floating";"FST_3"
"FST_3_OS.json";"Oliver";145.961;147.856;"Floating";"FST_3"
"FST_3_OS.json";"Oliver";151.002;154.252;"Floating";"FST_3"
"FST_3_OS.json";"Oliver";156.544;156.961;"Floating";"FST_3"
"FST_3_OS.json";"Oliver";159.856;176.898;"Floating";"FST_3"
"FST_3_OS.json";"Oliver";184.927;185.927;"Start/End";"FST_3"
"FST_3_OS.json";"Oliver";185.086;185.44;"Floating";"FST_3"
"FST_3_OS.json";"Oliver";188.127;193.169;"Floating";"FST_3"
"FST_3_OS.json";"Oliver";194.836;197.461;"Floating";"FST_3"
"FST_3_OS.json";"Oliver";199.197;200.197;"Floating";"FST_3"
"FST_3_OS.json";"Oliver";202.106;208.502;"Floating";"FST_3"
"FST_3_OS.json";"Oliver";214.294;218.211;"Floating";"FST_3"
"FST_3_OS.json";"Oliver";223.002;223.961;"Floating";"FST_3"
"FST_3_OS.json";"Oliver";227.419;231.023;"Floating";"FST_3"
"FST_3_OS.json";"Oliver";247.106;248.023;"Floating";"FST_3"
"FST_3_OS.json";"Oliver";251.273;251.877;"Floating";"FST_3"
"FST_3_OS.json";"Oliver";259.086;260.211;"Floating";"FST_3"
"FST_3_OS.json";"Oliver";308.336;309.502;"Floating";"FST_3"
"FST_3_OS.json";"Oliver";314.356;317.148;"Floating";"FST_3"
"FST_3_OS.json";"Oliver";319.002;330.544;"Floating";"FST_3"
"FST_3_OS.json";"Oliver";336.461;361.315;"Floating";"FST_3"
"FST_3_OS.json";"Oliver";363.711;372.877;"Floating";"FST_3"
"FST_7_OS.json";"Oliver";9.919;11.216;"Start/End";"FST_7"
"FST_7_OS.json";"Oliver";66.356;69.627;"Floating";"FST_7"
"FST_7_OS.json";"Oliver";71.711;74.023;"Floating";"FST_7"
"FST_7_OS.json";"Oliver";76.127;77.856;"Floating";"FST_7"
"FST_7_OS.json";"Oliver";78.94;82.502;"Floating";"FST_7"
"FST_7_OS.json";"Oliver";83.294;85.294;"Floating";"FST_7"
"FST_7_OS.json";"Oliver";92.898;94.148;"Floating";"FST_7"
"FST_7_OS.json";"Oliver";99.711;101.981;"Floating";"FST_7"
"FST_7_OS.json";"Oliver";105.815;107.169;"Floating";"FST_7"
"FST_7_OS.json";"Oliver";110.356;112.752;"Floating";"FST_7"
"FST_7_OS.json";"Oliver";115.731;116.69;"Floating";"FST_7"
"FST_7_OS.json";"Oliver";123.737;124.737;"Floating";"FST_7"
"FST_7_OS.json";"Oliver";139.148;142.44;"Floating";"FST_7"
"FST_7_OS.json";"Oliver";148.565;153.502;"Floating";"FST_7"
"FST_7_OS.json";"Oliver";182.148;183.711;"Floating";"FST_7"
"FST_7_OS.json";"Oliver";188.981;191.252;"Floating";"FST_7"
"FST_7_OS.json";"Oliver";197.648;201.669;"Floating";"FST_7"
"FST_7_OS.json";"Oliver";211.19;217.336;"Floating";"FST_7"
"FST_7_OS.json";"Oliver";222.711;226.169;"Floating";"FST_7"
"FST_7_OS.json";"Oliver";244.856;251.065;"Floating";"FST_7"
"FST_7_OS.json";"Oliver";256.419;258.752;"Floating";"FST_7"
"FST_7_OS.json";"Oliver";288.273;290.752;"Floating";"FST_7"
"FST_7_OS.json";"Oliver";371.086;371.36;"Start/End";"FST_7"
"FST_9_OS.json";"Oliver";11.377;12.252;"Start/End";"FST_9"
"FST_9_OS.json";"Oliver";169.752;174.252;"Floating";"FST_9"
"FST_9_OS.json";"Oliver";372.44;372.865;"Start/End";"FST_9"
"FST_1_CS.csv";"Schlappi";10.911;11.911;"Start/End";"FST_1"
"FST_1_CS.csv";"Schlappi";159.044;162.461;"Floating";"FST_1"
"FST_1_CS.csv";"Schlappi";171.023;175.794;"Floating";"FST_1"
"FST_1_CS.csv";"Schlappi";179.544;181.127;"Floating";"FST_1"
"FST_1_CS.csv";"Schlappi";182.211;183.377;"Floating";"FST_1"
"FST_1_CS.csv";"Schlappi";185.965;186.965;"Floating";"FST_1"
"FST_1_CS.csv";"Schlappi";185.023;186.345;"Floating";"FST_1"
"FST_1_CS.csv";"Schlappi";188.569;189.569;"Floating";"FST_1"
"FST_1_CS.csv";"Schlappi";193.69;196.606;"Floating";"FST_1"
"FST_1_CS.csv";"Schlappi";216.669;220.273;"Floating";"FST_1"
"FST_1_CS.csv";"Schlappi";221.682;226.002;"Floating";"FST_1"
"FST_1_CS.csv";"Schlappi";233.89;236.336;"Floating";"FST_1"
"FST_1_CS.csv";"Schlappi";238.336;244.044;"Floating";"FST_1"
"FST_1_CS.csv";"Schlappi";247.752;256.294;"Floating";"FST_1"
"FST_1_CS.csv";"Schlappi";264.586;267.252;"Floating";"FST_1"
"FST_1_CS.csv";"Schlappi";277.169;279.836;"Floating";"FST_1"
"FST_1_CS.csv";"Schlappi";282.169;290.961;"Floating";"FST_1"
"FST_1_CS.csv";"Schlappi";296.836;304.211;"Floating";"FST_1"
"FST_1_CS.csv";"Schlappi";307.836;312.19;"Floating";"FST_1"
"FST_1_CS.csv";"Schlappi";349.544;353.711;"Floating";"FST_1"
"FST_1_CS.csv";"Schlappi";350;351;"Start/End";"FST_1"
"FST_1_CS.csv";"Schlappi";374.044;375.044;"Start/End";"FST_1"
"FST_16_CS.csv";"Schlappi";13.485;14.485;"Start/End";"FST_16"
"FST_16_CS.csv";"Schlappi";104.336;108.023;"Floating";"FST_16"
"FST_16_CS.csv";"Schlappi";125.836;129.981;"Floating";"FST_16"
"FST_16_CS.csv";"Schlappi";133.148;139.752;"Floating";"FST_16"
"FST_16_CS.csv";"Schlappi";141.94;160.023;"Floating";"FST_16"
"FST_16_CS.csv";"Schlappi";162.606;173.002;"Floating";"FST_16"
"FST_16_CS.csv";"Schlappi";181.065;196.002;"Floating";"FST_16"
"FST_16_CS.csv";"Schlappi";200.127;206.94;"Floating";"FST_16"
"FST_16_CS.csv";"Schlappi";240.961;244.231;"Floating";"FST_16"
"FST_16_CS.csv";"Schlappi";273.356;277.794;"Floating";"FST_16"
"FST_16_CS.csv";"Schlappi";289.669;308.44;"Floating";"FST_16"
"FST_16_CS.csv";"Schlappi";320.225;321.225;"Floating";"FST_16"
"FST_16_CS.csv";"Schlappi";328.919;343.419;"Floating";"FST_16"
"FST_16_CS.csv";"Schlappi";347.69;367.94;"Floating";"FST_16"
"FST_16_CS.csv";"Schlappi";376.156;377.156;"Start/End";"FST_16"
"FST_16_CS.csv";"Schlappi";375.565;376.586;"Floating";"FST_16"
"FST_17_CS.csv";"Schlappi";0;1;"Start/End";"FST_17"
"FST_17_CS.csv";"Schlappi";118.398;119.398;"Floating";"FST_17"
"FST_17_CS.csv";"Schlappi";144.086;147.086;"Floating";"FST_17"
"FST_17_CS.csv";"Schlappi";162.856;165.44;"Floating";"FST_17"
"FST_17_CS.csv";"Schlappi";176.086;184.377;"Floating";"FST_17"
"FST_17_CS.csv";"Schlappi";216.836;223.023;"Floating";"FST_17"
"FST_17_CS.csv";"Schlappi";227.44;231.002;"Floating";"FST_17"
"FST_17_CS.csv";"Schlappi";245.106;249.731;"Floating";"FST_17"
"FST_17_CS.csv";"Schlappi";259.481;262.815;"Floating";"FST_17"
"FST_17_CS.csv";"Schlappi";362.1;362.84;"Floating";"FST_17"
"FST_17_CS.csv";"Schlappi";361.794;362.794;"Start/End";"FST_17"
"FST_22_CS.csv";"Schlappi";10.428;11.428;"Start/End";"FST_22"
"FST_22_CS.csv";"Schlappi";64.169;65.502;"Floating";"FST_22"
"FST_22_CS.csv";"Schlappi";112.231;118.586;"Floating";"FST_22"
"FST_22_CS.csv";"Schlappi";123.794;126.752;"Floating";"FST_22"
"FST_22_CS.csv";"Schlappi";135.752;144.836;"Floating";"FST_22"
"FST_22_CS.csv";"Schlappi";149.169;158.961;"Floating";"FST_22"
"FST_22_CS.csv";"Schlappi";162.586;163.669;"Floating";"FST_22"
"FST_22_CS.csv";"Schlappi";164.544;170.898;"Floating";"FST_22"
"FST_22_CS.csv";"Schlappi";174.755;175.755;"Floating";"FST_22"
"FST_22_CS.csv";"Schlappi";187.807;188.807;"Floating";"FST_22"
"FST_22_CS.csv";"Schlappi";186.252;188.065;"Floating";"FST_22"
"FST_22_CS.csv";"Schlappi";188.44;190.565;"Floating";"FST_22"
"FST_22_CS.csv";"Schlappi";194.044;195.044;"Floating";"FST_22"
"FST_22_CS.csv";"Schlappi";198.129;199.129;"Floating";"FST_22"
"FST_22_CS.csv";"Schlappi";198.169;199.401;"Floating";"FST_22"
"FST_22_CS.csv";"Schlappi";201.419;204.169;"Floating";"FST_22"
"FST_22_CS.csv";"Schlappi";209.606;216.419;"Floating";"FST_22"
"FST_22_CS.csv";"Schlappi";225.127;226.502;"Floating";"FST_22"
"FST_22_CS.csv";"Schlappi";244.752;249.336;"Floating";"FST_22"
"FST_22_CS.csv";"Schlappi";259.586;262.94;"Floating";"FST_22"
"FST_22_CS.csv";"Schlappi";267.231;269.586;"Floating";"FST_22"
"FST_22_CS.csv";"Schlappi";275.002;279.148;"Floating";"FST_22"
"FST_22_CS.csv";"Schlappi";289.419;294.19;"Floating";"FST_22"
"FST_22_CS.csv";"Schlappi";302.998;307.231;"Floating";"FST_22"
"FST_22_CS.csv";"Schlappi";309.356;317.815;"Floating";"FST_22"
"FST_22_CS.csv";"Schlappi";323.086;328.231;"Floating";"FST_22"
"FST_22_CS.csv";"Schlappi";335.662;336.662;"Floating";"FST_22"
"FST_22_CS.csv";"Schlappi";355.148;359.336;"Floating";"FST_22"
"FST_22_CS.csv";"Schlappi";368.854;373.502;"Floating";"FST_22"
"FST_22_CS.csv";"Schlappi";372.524;373.524;"Start/End";"FST_22"
"FST_23_CS.csv";"Schlappi";15.435;16.435;"Start/End";"FST_23"
"FST_23_CS.csv";"Schlappi";146.002;148.794;"Floating";"FST_23"
"FST_23_CS.csv";"Schlappi";158.711;162.461;"Floating";"FST_23"
"FST_23_CS.csv";"Schlappi";182.731;186.961;"Floating";"FST_23"
"FST_23_CS.csv";"Schlappi";198.086;202.94;"Floating";"FST_23"
"FST_23_CS.csv";"Schlappi";205.252;207.981;"Floating";"FST_23"
"FST_23_CS.csv";"Schlappi";224.586;227.039;"Floating";"FST_23"
"FST_23_CS.csv";"Schlappi";234.686;235.686;"Floating";"FST_23"
"FST_23_CS.csv";"Schlappi";239.044;243.002;"Floating";"FST_23"
"FST_23_CS.csv";"Schlappi";259.065;265.169;"Floating";"FST_23"
"FST_23_CS.csv";"Schlappi";280.044;284.544;"Floating";"FST_23"
"FST_23_CS.csv";"Schlappi";380.627;381.627;"Floating";"FST_23"
"FST_23_CS.csv";"Schlappi";381.836;382.836;"Start/End";"FST_23"
"FST_25_CS.csv";"Schlappi";8.632;9.632;"Start/End";"FST_25"
"FST_25_CS.csv";"Schlappi";90.106;90.836;"Floating";"FST_25"
"FST_25_CS.csv";"Schlappi";91.919;99.127;"Floating";"FST_25"
"FST_25_CS.csv";"Schlappi";100.684;104.731;"Floating";"FST_25"
"FST_25_CS.csv";"Schlappi";107.252;107.586;"Floating";"FST_25"
"FST_25_CS.csv";"Schlappi";108.648;108.836;"Floating";"FST_25"
"FST_25_CS.csv";"Schlappi";112.669;113.002;"Floating";"FST_25"
"FST_25_CS.csv";"Schlappi";118.679;119.356;"Floating";"FST_25"
"FST_25_CS.csv";"Schlappi";126.484;129.836;"Floating";"FST_25"
"FST_25_CS.csv";"Schlappi";130.877;132.481;"Floating";"FST_25"
"FST_25_CS.csv";"Schlappi";152.752;154.229;"Floating";"FST_25"
"FST_25_CS.csv";"Schlappi";155.648;157.106;"Floating";"FST_25"
"FST_25_CS.csv";"Schlappi";165.586;170.169;"Floating";"FST_25"
"FST_25_CS.csv";"Schlappi";181.211;182.836;"Floating";"FST_25"
"FST_25_CS.csv";"Schlappi";202.315;203.002;"Floating";"FST_25"
"FST_25_CS.csv";"Schlappi";213.106;215.919;"Floating";"FST_25"
"FST_25_CS.csv";"Schlappi";307.398;314.586;"Floating";"FST_25"
"FST_25_CS.csv";"Schlappi";323.848;324.848;"Floating";"FST_25"
"FST_25_CS.csv";"Schlappi";325.294;349.481;"Floating";"FST_25"
"FST_25_CS.csv";"Schlappi";355.981;361.752;"Floating";"FST_25"
"FST_25_CS.csv";"Schlappi";370.721;371.721;"Start/End";"FST_25"
"FST_25_CS.csv";"Schlappi";371.142;371.8;"Floating";"FST_25"
"FST_28_CS.csv";"Schlappi";12.932;13.932;"Start/End";"FST_28"
"FST_28_CS.csv";"Schlappi";87.461;88.69;"Floating";"FST_28"
"FST_28_CS.csv";"Schlappi";88.084;89.084;"Floating";"FST_28"
"FST_28_CS.csv";"Schlappi";94.395;95.395;"Floating";"FST_28"
"FST_28_CS.csv";"Schlappi";97.56;98.56;"Floating";"FST_28"
"FST_28_CS.csv";"Schlappi";94.169;97.252;"Floating";"FST_28"
"FST_28_CS.csv";"Schlappi";85.69;86.69;"Floating";"FST_28"
"FST_28_CS.csv";"Schlappi";100.169;100.502;"Floating";"FST_28"
"FST_28_CS.csv";"Schlappi";113.127;114.106;"Floating";"FST_28"
"FST_28_CS.csv";"Schlappi";120.586;121.44;"Floating";"FST_28"
"FST_28_CS.csv";"Schlappi";143.252;143.398;"Floating";"FST_28"
"FST_28_CS.csv";"Schlappi";146.612;147.981;"Floating";"FST_28"
"FST_28_CS.csv";"Schlappi";213.031;214.252;"Floating";"FST_28"
"FST_28_CS.csv";"Schlappi";277.752;278.356;"Floating";"FST_28"
"FST_28_CS.csv";"Schlappi";314.624;319.836;"Floating";"FST_28"
"FST_28_CS.csv";"Schlappi";330.396;342.711;"Floating";"FST_28"
"FST_28_CS.csv";"Schlappi";356.598;357.94;"Floating";"FST_28"
"FST_28_CS.csv";"Schlappi";373.727;374.16;"Floating";"FST_28"
"FST_28_CS.csv";"Schlappi";373.085;374.085;"Floating";"FST_28"
"FST_28_CS.csv";"Schlappi";373.082;374.082;"Start/End";"FST_28"
"FST_3_CS.csv";"Schlappi";10.271;11.271;"Start/End";"FST_3"
"FST_3_CS.csv";"Schlappi";63.254;64.254;"Start/End";"FST_3"
"FST_3_CS.csv";"Schlappi";62.252;64.919;"Floating";"FST_3"
"FST_3_CS.csv";"Schlappi";73.127;77.461;"Floating";"FST_3"
"FST_3_CS.csv";"Schlappi";81.919;85.148;"Floating";"FST_3"
"FST_3_CS.csv";"Schlappi";87.586;91.461;"Floating";"FST_3"
"FST_3_CS.csv";"Schlappi";96.6;103.002;"Floating";"FST_3"
"FST_3_CS.csv";"Schlappi";104.065;108.044;"Floating";"FST_3"
"FST_3_CS.csv";"Schlappi";110.377;111.534;"Floating";"FST_3"
"FST_3_CS.csv";"Schlappi";117.328;118.328;"Floating";"FST_3"
"FST_3_CS.csv";"Schlappi";116.981;118.586;"Floating";"FST_3"
"FST_3_CS.csv";"Schlappi";122.502;124.086;"Floating";"FST_3"
"FST_3_CS.csv";"Schlappi";129.94;132.648;"Floating";"FST_3"
"FST_3_CS.csv";"Schlappi";133.877;138.669;"Floating";"FST_3"
"FST_3_CS.csv";"Schlappi";142.065;149.336;"Floating";"FST_3"
"FST_3_CS.csv";"Schlappi";151.565;158.211;"Floating";"FST_3"
"FST_3_CS.csv";"Schlappi";161.127;177.023;"Floating";"FST_3"
"FST_3_CS.csv";"Schlappi";185.086;193.94;"Floating";"FST_3"
"FST_3_CS.csv";"Schlappi";194.502;200.523;"Floating";"FST_3"
"FST_3_CS.csv";"Schlappi";202.565;208.961;"Floating";"FST_3"
"FST_3_CS.csv";"Schlappi";215.752;218.502;"Floating";"FST_3"
"FST_3_CS.csv";"Schlappi";227.877;231.44;"Floating";"FST_3"
"FST_3_CS.csv";"Schlappi";246.961;248.377;"Floating";"FST_3"
"FST_3_CS.csv";"Schlappi";250.752;251.898;"Floating";"FST_3"
"FST_3_CS.csv";"Schlappi";259.817;260.817;"Floating";"FST_3"
"FST_3_CS.csv";"Schlappi";258.856;260.002;"Floating";"FST_3"
"FST_3_CS.csv";"Schlappi";313.788;372.836;"Floating";"FST_3"
"FST_3_CS.csv";"Schlappi";372.877;372.88;"Start/End";"FST_3"
"FST_3_CS.csv";"Schlappi";371.856;372.856;"Start/End";"FST_3"
"FST_7_CS.csv";"Schlappi";10.143;11.143;"Start/End";"FST_7"
"FST_7_CS.csv";"Schlappi";65.94;69.565;"Floating";"FST_7"
"FST_7_CS.csv";"Schlappi";71.377;74.211;"Floating";"FST_7"
"FST_7_CS.csv";"Schlappi";76.002;77.815;"Floating";"FST_7"
"FST_7_CS.csv";"Schlappi";78.421;86.35;"Floating";"FST_7"
"FST_7_CS.csv";"Schlappi";91.002;91.502;"Floating";"FST_7"
"FST_7_CS.csv";"Schlappi";92.586;94.646;"Floating";"FST_7"
"FST_7_CS.csv";"Schlappi";99.481;101.794;"Floating";"FST_7"
"FST_7_CS.csv";"Schlappi";105.481;108.086;"Floating";"FST_7"
"FST_7_CS.csv";"Schlappi";110.148;112.836;"Floating";"FST_7"
"FST_7_CS.csv";"Schlappi";115.231;116.794;"Floating";"FST_7"
"FST_7_CS.csv";"Schlappi";122.773;124.794;"Floating";"FST_7"
"FST_7_CS.csv";"Schlappi";138.731;143.065;"Floating";"FST_7"
"FST_7_CS.csv";"Schlappi";144.502;146.315;"Floating";"FST_7"
"FST_7_CS.csv";"Schlappi";147.669;153.919;"Floating";"FST_7"
"FST_7_CS.csv";"Schlappi";181.648;184.106;"Floating";"FST_7"
"FST_7_CS.csv";"Schlappi";185.69;191.669;"Floating";"FST_7"
"FST_7_CS.csv";"Schlappi";197.065;201.815;"Floating";"FST_7"
"FST_7_CS.csv";"Schlappi";211.002;217.981;"Floating";"FST_7"
"FST_7_CS.csv";"Schlappi";219.627;220.836;"Floating";"FST_7"
"FST_7_CS.csv";"Schlappi";222.169;227.106;"Floating";"FST_7"
"FST_7_CS.csv";"Schlappi";242.752;251.836;"Floating";"FST_7"
"FST_7_CS.csv";"Schlappi";255.94;258.752;"Floating";"FST_7"
"FST_7_CS.csv";"Schlappi";282.69;297.482;"Floating";"FST_7"
"FST_7_CS.csv";"Schlappi";319.118;322.961;"Floating";"FST_7"
"FST_7_CS.csv";"Schlappi";348.44;349.086;"Floating";"FST_7"
"FST_7_CS.csv";"Schlappi";356.502;366.461;"Floating";"FST_7"
"FST_7_CS.csv";"Schlappi";370.279;371.279;"Start/End";"FST_7"
"FST_9_CS.csv";"Schlappi";11.733;12.733;"Start/End";"FST_9"
"FST_9_CS.csv";"Schlappi";170.377;175.169;"Floating";"FST_9"
"FST_9_CS.csv";"Schlappi";215.523;216.711;"Floating";"FST_9"
"FST_9_CS.csv";"Schlappi";349.301;350.301;"Floating";"FST_9"
"FST_9_CS.csv";"Schlappi";371.857;372.857;"Start/End";"FST_9"
"FST_1_RW.csv";"Rebecca";10.257;11.257;"_DEFAULT";"FST_1"
"FST_1_RW.csv";"Rebecca";10.257;11.257;"StartEnd";"FST_1"
"FST_1_RW.csv";"Rebecca";161.164;161.731;"Floating";"FST_1"
"FST_1_RW.csv";"Rebecca";170.919;171.94;"Floating";"FST_1"
"FST_1_RW.csv";"Rebecca";172.856;173.836;"Floating";"FST_1"
"FST_1_RW.csv";"Rebecca";179.794;181.023;"Floating";"FST_1"
"FST_1_RW.csv";"Rebecca";185.065;185.44;"Floating";"FST_1"
"FST_1_RW.csv";"Rebecca";187.794;188.481;"Floating";"FST_1"
"FST_1_RW.csv";"Rebecca";194.044;195.315;"Floating";"FST_1"
"FST_1_RW.csv";"Rebecca";217.502;218.523;"Floating";"FST_1"
"FST_1_RW.csv";"Rebecca";220.356;221.6;"Floating";"FST_1"
"FST_1_RW.csv";"Rebecca";223.002;223.711;"Floating";"FST_1"
"FST_1_RW.csv";"Rebecca";239.3;240.3;"Floating";"FST_1"
"FST_1_RW.csv";"Rebecca";238.19;243.731;"Floating";"FST_1"
"FST_1_RW.csv";"Rebecca";233.398;235.377;"Floating";"FST_1"
"FST_1_RW.csv";"Rebecca";243.767;244.767;"Floating";"FST_1"
"FST_1_RW.csv";"Rebecca";246.336;246.752;"Floating";"FST_1"
"FST_1_RW.csv";"Rebecca";247.43;248.606;"Floating";"FST_1"
"FST_1_RW.csv";"Rebecca";247.433;248.356;"Floating";"FST_1"
"FST_1_RW.csv";"Rebecca";249.981;255.648;"Floating";"FST_1"
"FST_1_RW.csv";"Rebecca";256.41;257.41;"Floating";"FST_1"
"FST_1_RW.csv";"Rebecca";263.94;266.815;"Floating";"FST_1"
"FST_1_RW.csv";"Rebecca";267.398;268.398;"Floating";"FST_1"
"FST_1_RW.csv";"Rebecca";277.002;279.481;"Floating";"FST_1"
"FST_1_RW.csv";"Rebecca";279.909;280.909;"Floating";"FST_1"
"FST_1_RW.csv";"Rebecca";282.273;287.961;"Floating";"FST_1"
"FST_1_RW.csv";"Rebecca";286.356;287.356;"Floating";"FST_1"
"FST_1_RW.csv";"Rebecca";288.254;289.254;"Floating";"FST_1"
"FST_1_RW.csv";"Rebecca";289.106;290.919;"Floating";"FST_1"
"FST_1_RW.csv";"Rebecca";297.169;303.606;"Floating";"FST_1"
"FST_1_RW.csv";"Rebecca";301.456;302.456;"Floating";"FST_1"
"FST_1_RW.csv";"Rebecca";304.259;305.259;"Floating";"FST_1"
"FST_1_RW.csv";"Rebecca";307.794;311.565;"Floating";"FST_1"
"FST_1_RW.csv";"Rebecca";311.45;312.45;"Floating";"FST_1"
"FST_1_RW.csv";"Rebecca";349.502;353.377;"Floating";"FST_1"
"FST_1_RW.csv";"Rebecca";354.012;355.012;"Floating";"FST_1"
"FST_1_RW.csv";"Rebecca";374.283;375.08;"StartEnd";"FST_1"
"FST_22_RW.csv";"Rebecca";9.966;10.966;"StartEnd";"FST_22"
"FST_22_RW.csv";"Rebecca";64.377;64.815;"Floating";"FST_22"
"FST_22_RW.csv";"Rebecca";115.252;115.794;"Floating";"FST_22"
"FST_22_RW.csv";"Rebecca";123.856;125.586;"Floating";"FST_22"
"FST_22_RW.csv";"Rebecca";125.943;126.943;"Floating";"FST_22"
"FST_22_RW.csv";"Rebecca";140.461;141.94;"Floating";"FST_22"
"FST_22_RW.csv";"Rebecca";149.127;153.148;"Floating";"FST_22"
"FST_22_RW.csv";"Rebecca";153.595;154.595;"Floating";"FST_22"
"FST_22_RW.csv";"Rebecca";153.94;155.752;"Floating";"FST_22"
"FST_22_RW.csv";"Rebecca";162.231;163.356;"Floating";"FST_22"
"FST_22_RW.csv";"Rebecca";163.636;164.636;"Floating";"FST_22"
"FST_22_RW.csv";"Rebecca";164.773;170.69;"Floating";"FST_22"
"FST_22_RW.csv";"Rebecca";170.686;171.686;"Floating";"FST_22"
"FST_22_RW.csv";"Rebecca";178.544;179.731;"Floating";"FST_22"
"FST_22_RW.csv";"Rebecca";182.544;183.448;"Floating";"FST_22"
"FST_22_RW.csv";"Rebecca";188.481;189.836;"Floating";"FST_22"
"FST_22_RW.csv";"Rebecca";189.961;191.023;"Floating";"FST_22"
"FST_22_RW.csv";"Rebecca";191.838;192.838;"Floating";"FST_22"
"FST_22_RW.csv";"Rebecca";193.586;194.773;"Floating";"FST_22"
"FST_22_RW.csv";"Rebecca";197.065;198.571;"Floating";"FST_22"
"FST_22_RW.csv";"Rebecca";201.794;203.836;"Floating";"FST_22"
"FST_22_RW.csv";"Rebecca";204.282;205.282;"Floating";"FST_22"
"FST_22_RW.csv";"Rebecca";209.877;215.356;"Floating";"FST_22"
"FST_22_RW.csv";"Rebecca";215.691;216.691;"Floating";"FST_22"
"FST_22_RW.csv";"Rebecca";215.731;216.481;"Floating";"FST_22"
"FST_22_RW.csv";"Rebecca";247.481;248.148;"Floating";"FST_22"
"FST_22_RW.csv";"Rebecca";249.066;250.066;"Floating";"FST_22"
"FST_22_RW.csv";"Rebecca";244.919;245.841;"Floating";"FST_22"
"FST_22_RW.csv";"Rebecca";259.711;262.419;"Floating";"FST_22"
"FST_22_RW.csv";"Rebecca";262.566;263.566;"Floating";"FST_22"
"FST_22_RW.csv";"Rebecca";275.356;277.981;"Floating";"FST_22"
"FST_22_RW.csv";"Rebecca";278.849;279.849;"Floating";"FST_22"
"FST_22_RW.csv";"Rebecca";288.794;293.69;"Floating";"FST_22"
"FST_22_RW.csv";"Rebecca";294.163;295.163;"Floating";"FST_22"
"FST_22_RW.csv";"Rebecca";301.211;303.273;"Floating";"FST_22"
"FST_22_RW.csv";"Rebecca";313.605;314.605;"Floating";"FST_22"
"FST_22_RW.csv";"Rebecca";304.898;306.94;"Floating";"FST_22"
"FST_22_RW.csv";"Rebecca";308.499;309.499;"Floating";"FST_22"
"FST_22_RW.csv";"Rebecca";309.936;313.231;"Floating";"FST_22"
"FST_22_RW.csv";"Rebecca";314.799;315.711;"Floating";"FST_22"
"FST_22_RW.csv";"Rebecca";316.206;316.856;"Floating";"FST_22"
"FST_22_RW.csv";"Rebecca";313.919;315.877;"Floating";"FST_22"
"FST_22_RW.csv";"Rebecca";323.478;324.478;"Floating";"FST_22"
"FST_22_RW.csv";"Rebecca";322.728;326.731;"Floating";"FST_22"
"FST_22_RW.csv";"Rebecca";327.473;328.473;"Floating";"FST_22"
"FST_22_RW.csv";"Rebecca";331.877;333.72;"Floating";"FST_22"
"FST_22_RW.csv";"Rebecca";334.106;337.398;"Floating";"FST_22"
"FST_22_RW.csv";"Rebecca";337.794;338.75;"Floating";"FST_22"
"FST_22_RW.csv";"Rebecca";339.419;343.69;"Floating";"FST_22"
"FST_22_RW.csv";"Rebecca";344.382;345.382;"Floating";"FST_22"
"FST_22_RW.csv";"Rebecca";344.994;345.994;"Floating";"FST_22"
"FST_22_RW.csv";"Rebecca";353.648;357.877;"Floating";"FST_22"
"FST_22_RW.csv";"Rebecca";357.916;358.916;"Floating";"FST_22"
"FST_22_RW.csv";"Rebecca";363.481;373.544;"Floating";"FST_22"
"FST_22_RW.csv";"Rebecca";372.794;373.56;"StartEnd";"FST_22"
"FST_23_RW.csv";"Rebecca";14.854;15.854;"StartEnd";"FST_23"
"FST_23_RW.csv";"Rebecca";144.945;145.945;"Floating";"FST_23"
"FST_23_RW.csv";"Rebecca";158.565;159.044;"Floating";"FST_23"
"FST_23_RW.csv";"Rebecca";181.336;182.69;"Floating";"FST_23"
"FST_23_RW.csv";"Rebecca";198.856;200.627;"Floating";"FST_23"
"FST_23_RW.csv";"Rebecca";204.815;206.711;"Floating";"FST_23"
"FST_23_RW.csv";"Rebecca";224.086;226.898;"Floating";"FST_23"
"FST_23_RW.csv";"Rebecca";226.382;227.382;"Floating";"FST_23"
"FST_23_RW.csv";"Rebecca";231.544;234.69;"Floating";"FST_23"
"FST_23_RW.csv";"Rebecca";235.326;236.326;"Floating";"FST_23"
"FST_23_RW.csv";"Rebecca";238.44;242.106;"Floating";"FST_23"
"FST_23_RW.csv";"Rebecca";242.727;243.727;"Floating";"FST_23"
"FST_23_RW.csv";"Rebecca";257.898;258.586;"Floating";"FST_23"
"FST_23_RW.csv";"Rebecca";259.461;263.961;"Floating";"FST_23"
"FST_23_RW.csv";"Rebecca";263.976;264.976;"Floating";"FST_23"
"FST_23_RW.csv";"Rebecca";280.044;284.065;"Floating";"FST_23"
"FST_23_RW.csv";"Rebecca";284.884;285.884;"Floating";"FST_23"
"FST_23_RW.csv";"Rebecca";320.481;321.856;"Floating";"FST_23"
"FST_23_RW.csv";"Rebecca";322.396;323.396;"Floating";"FST_23"
"FST_23_RW.csv";"Rebecca";329.44;329.856;"Floating";"FST_23"
"FST_23_RW.csv";"Rebecca";345.231;346.106;"Floating";"FST_23"
"FST_23_RW.csv";"Rebecca";382.147;382.88;"StartEnd";"FST_23"
"FST_3_RW.csv";"Rebecca";0.044;1.08;"StartEnd";"FST_3"
"FST_3_RW.csv";"Rebecca";9.681;10.681;"StartEnd";"FST_3"
"FST_3_RW.csv";"Rebecca";62.544;64.836;"Floating";"FST_3"
"FST_3_RW.csv";"Rebecca";65.378;66.378;"Floating";"FST_3"
"FST_3_RW.csv";"Rebecca";73.273;74.773;"Floating";"FST_3"
"FST_3_RW.csv";"Rebecca";77.456;78.456;"Floating";"FST_3"
"FST_3_RW.csv";"Rebecca";75.106;77.106;"Floating";"FST_3"
"FST_3_RW.csv";"Rebecca";82.127;85.023;"Floating";"FST_3"
"FST_3_RW.csv";"Rebecca";85.586;86.586;"Floating";"FST_3"
"FST_3_RW.csv";"Rebecca";87.817;88.817;"Floating";"FST_3"
"FST_3_RW.csv";"Rebecca";88.481;91.19;"Floating";"FST_3"
"FST_3_RW.csv";"Rebecca";87.945;88.945;"Floating";"FST_3"
"FST_3_RW.csv";"Rebecca";89.066;90.066;"Floating";"FST_3"
"FST_3_RW.csv";"Rebecca";99.211;100.648;"Floating";"FST_3"
"FST_3_RW.csv";"Rebecca";101.363;102.363;"Floating";"FST_3"
"FST_3_RW.csv";"Rebecca";101.711;102.94;"Floating";"FST_3"
"FST_3_RW.csv";"Rebecca";104.419;107.627;"Floating";"FST_3"
"FST_3_RW.csv";"Rebecca";108.099;109.099;"Floating";"FST_3"
"FST_3_RW.csv";"Rebecca";110.252;110.856;"Floating";"FST_3"
"FST_3_RW.csv";"Rebecca";111.324;112.324;"Floating";"FST_3"
"FST_3_RW.csv";"Rebecca";115.981;117.336;"Floating";"FST_3"
"FST_3_RW.csv";"Rebecca";118.357;119.357;"Floating";"FST_3"
"FST_3_RW.csv";"Rebecca";122.086;123.544;"Floating";"FST_3"
"FST_3_RW.csv";"Rebecca";124.297;125.297;"Floating";"FST_3"
"FST_3_RW.csv";"Rebecca";128.666;129.666;"Floating";"FST_3"
"FST_3_RW.csv";"Rebecca";129.711;131.481;"Floating";"FST_3"
"FST_3_RW.csv";"Rebecca";131.791;132.791;"Floating";"FST_3"
"FST_3_RW.csv";"Rebecca";132.106;132.19;"Floating";"FST_3"
"FST_3_RW.csv";"Rebecca";134.981;138.523;"Floating";"FST_3"
"FST_3_RW.csv";"Rebecca";136.091;137.091;"Floating";"FST_3"
"FST_3_RW.csv";"Rebecca";137.551;138.551;"Floating";"FST_3"
"FST_3_RW.csv";"Rebecca";139.034;140.034;"Floating";"FST_3"
"FST_3_RW.csv";"Rebecca";143.068;144.068;"Floating";"FST_3"
"FST_3_RW.csv";"Rebecca";141.961;142.898;"Floating";"FST_3"
"FST_3_RW.csv";"Rebecca";144.987;145.987;"Floating";"FST_3"
"FST_3_RW.csv";"Rebecca";147.662;148.662;"Floating";"FST_3"
"FST_3_RW.csv";"Rebecca";145.919;147.315;"Floating";"FST_3"
"FST_3_RW.csv";"Rebecca";151.469;154.586;"Floating";"FST_3"
"FST_3_RW.csv";"Rebecca";155.043;156.043;"Floating";"FST_3"
"FST_3_RW.csv";"Rebecca";156.273;156.752;"Floating";"FST_3"
"FST_3_RW.csv";"Rebecca";162.408;163.408;"Floating";"FST_3"
"FST_3_RW.csv";"Rebecca";160.391;161.391;"Floating";"FST_3"
"FST_3_RW.csv";"Rebecca";161.127;176.419;"Floating";"FST_3"
"FST_3_RW.csv";"Rebecca";176.807;177.807;"Floating";"FST_3"
"FST_3_RW.csv";"Rebecca";185.273;185.481;"Floating";"FST_3"
"FST_3_RW.csv";"Rebecca";188.169;192.981;"Floating";"FST_3"
"FST_3_RW.csv";"Rebecca";193.965;194.965;"Floating";"FST_3"
"FST_3_RW.csv";"Rebecca";195.211;197.086;"Floating";"FST_3"
"FST_3_RW.csv";"Rebecca";197.87;198.87;"Floating";"FST_3"
"FST_3_RW.csv";"Rebecca";199.377;199.752;"Floating";"FST_3"
"FST_3_RW.csv";"Rebecca";201.648;202.127;"Floating";"FST_3"
"FST_3_RW.csv";"Rebecca";202.856;208.148;"Floating";"FST_3"
"FST_3_RW.csv";"Rebecca";208.967;209.967;"Floating";"FST_3"
"FST_3_RW.csv";"Rebecca";214.44;217.898;"Floating";"FST_3"
"FST_3_RW.csv";"Rebecca";212.127;212.315;"Floating";"FST_3"
"FST_3_RW.csv";"Rebecca";218.111;219.111;"Floating";"FST_3"
"FST_3_RW.csv";"Rebecca";227.815;230.211;"Floating";"FST_3"
"FST_3_RW.csv";"Rebecca";230.795;231.795;"Floating";"FST_3"
"FST_3_RW.csv";"Rebecca";232.794;233.252;"Floating";"FST_3"
"FST_3_RW.csv";"Rebecca";247.148;247.898;"Floating";"FST_3"
"FST_3_RW.csv";"Rebecca";251.419;251.711;"Floating";"FST_3"
"FST_3_RW.csv";"Rebecca";252.14;253.14;"Floating";"FST_3"
"FST_3_RW.csv";"Rebecca";258.961;259.565;"Floating";"FST_3"
"FST_3_RW.csv";"Rebecca";260.307;261.307;"Floating";"FST_3"
"FST_3_RW.csv";"Rebecca";308.044;308.856;"Floating";"FST_3"
"FST_3_RW.csv";"Rebecca";314.835;317.127;"Floating";"FST_3"
"FST_3_RW.csv";"Rebecca";315.599;316.599;"Floating";"FST_3"
"FST_3_RW.csv";"Rebecca";317.842;318.842;"Floating";"FST_3"
"FST_3_RW.csv";"Rebecca";313.258;314.606;"Floating";"FST_3"
"FST_3_RW.csv";"Rebecca";316.511;317.752;"Floating";"FST_3"
"FST_3_RW.csv";"Rebecca";318.455;319.455;"Floating";"FST_3"
"FST_3_RW.csv";"Rebecca";317.289;318.211;"Floating";"FST_3"
"FST_3_RW.csv";"Rebecca";316.566;317.106;"Floating";"FST_3"
"FST_3_RW.csv";"Rebecca";318.419;319.356;"Floating";"FST_3"
"FST_3_RW.csv";"Rebecca";321.44;327.69;"Floating";"FST_3"
"FST_3_RW.csv";"Rebecca";327.998;328.998;"Floating";"FST_3"
"FST_3_RW.csv";"Rebecca";328.955;329.955;"Floating";"FST_3"
"FST_3_RW.csv";"Rebecca";328.023;329.169;"Floating";"FST_3"
"FST_3_RW.csv";"Rebecca";330.875;331.875;"Floating";"FST_3"
"FST_3_RW.csv";"Rebecca";336.648;339.377;"Floating";"FST_3"
"FST_3_RW.csv";"Rebecca";340.061;341.061;"Floating";"FST_3"
"FST_3_RW.csv";"Rebecca";340.544;341.294;"Floating";"FST_3"
"FST_3_RW.csv";"Rebecca";342.016;343.836;"Floating";"FST_3"
"FST_3_RW.csv";"Rebecca";344.151;345.151;"Floating";"FST_3"
"FST_3_RW.csv";"Rebecca";344.981;345.669;"Floating";"FST_3"
"FST_3_RW.csv";"Rebecca";347.356;348.148;"Floating";"FST_3"
"FST_3_RW.csv";"Rebecca";348.919;359.044;"Floating";"FST_3"
"FST_3_RW.csv";"Rebecca";354.111;355.111;"Floating";"FST_3"
"FST_3_RW.csv";"Rebecca";359.038;360.038;"Floating";"FST_3"
"FST_3_RW.csv";"Rebecca";358.033;359.002;"Floating";"FST_3"
"FST_3_RW.csv";"Rebecca";354.106;355.106;"Floating";"FST_3"
"FST_3_RW.csv";"Rebecca";348.919;353.69;"Floating";"FST_3"
"FST_3_RW.csv";"Rebecca";354.997;355.997;"Floating";"FST_3"
"FST_3_RW.csv";"Rebecca";356.301;358.752;"Floating";"FST_3"
"FST_3_RW.csv";"Rebecca";359.971;361.356;"Floating";"FST_3"
"FST_3_RW.csv";"Rebecca";362.13;363.13;"Floating";"FST_3"
"FST_3_RW.csv";"Rebecca";363.606;369.44;"Floating";"FST_3"
"FST_3_RW.csv";"Rebecca";368.27;369.27;"Floating";"FST_3"
"FST_3_RW.csv";"Rebecca";369.794;372.877;"Floating";"FST_3"
"FST_3_RW.csv";"Rebecca";371.669;372.856;"StartEnd";"FST_3"
"FST_7_RW.csv";"Rebecca";9.598;10.598;"StartEnd";"FST_7"
"FST_7_RW.csv";"Rebecca";66.669;69.502;"Floating";"FST_7"
"FST_7_RW.csv";"Rebecca";69.837;70.837;"Floating";"FST_7"
"FST_7_RW.csv";"Rebecca";72.127;73.836;"Floating";"FST_7"
"FST_7_RW.csv";"Rebecca";74.495;75.495;"Floating";"FST_7"
"FST_7_RW.csv";"Rebecca";76.127;77.044;"Floating";"FST_7"
"FST_7_RW.csv";"Rebecca";79.252;80.606;"Floating";"FST_7"
"FST_7_RW.csv";"Rebecca";81.169;82.231;"Floating";"FST_7"
"FST_7_RW.csv";"Rebecca";84.065;84.981;"Floating";"FST_7"
"FST_7_RW.csv";"Rebecca";92.919;93.773;"Floating";"FST_7"
"FST_7_RW.csv";"Rebecca";99.711;101.711;"Floating";"FST_7"
"FST_7_RW.csv";"Rebecca";102.331;103.331;"Floating";"FST_7"
"FST_7_RW.csv";"Rebecca";105.877;106.856;"Floating";"FST_7"
"FST_7_RW.csv";"Rebecca";107.961;108.127;"Floating";"FST_7"
"FST_7_RW.csv";"Rebecca";111.106;112.606;"Floating";"FST_7"
"FST_7_RW.csv";"Rebecca";113.097;114.097;"Floating";"FST_7"
"FST_7_RW.csv";"Rebecca";115.794;116.877;"Floating";"FST_7"
"FST_7_RW.csv";"Rebecca";123.231;124.252;"Floating";"FST_7"
"FST_7_RW.csv";"Rebecca";139.648;140.398;"Floating";"FST_7"
"FST_7_RW.csv";"Rebecca";141.252;142.565;"Floating";"FST_7"
"FST_7_RW.csv";"Rebecca";148.148;153.231;"Floating";"FST_7"
"FST_7_RW.csv";"Rebecca";153.891;154.891;"Floating";"FST_7"
"FST_7_RW.csv";"Rebecca";180.729;181.711;"Floating";"FST_7"
"FST_7_RW.csv";"Rebecca";182.919;183.669;"Floating";"FST_7"
"FST_7_RW.csv";"Rebecca";181.534;182.534;"Floating";"FST_7"
"FST_7_RW.csv";"Rebecca";181.856;183.752;"Floating";"FST_7"
"FST_7_RW.csv";"Rebecca";187.398;187.669;"Floating";"FST_7"
"FST_7_RW.csv";"Rebecca";189.377;191.19;"Floating";"FST_7"
"FST_7_RW.csv";"Rebecca";191.711;192.711;"Floating";"FST_7"
"FST_7_RW.csv";"Rebecca";197.523;201.627;"Floating";"FST_7"
"FST_7_RW.csv";"Rebecca";202.139;203.139;"Floating";"FST_7"
"FST_7_RW.csv";"Rebecca";211.19;217.273;"Floating";"FST_7"
"FST_7_RW.csv";"Rebecca";217.776;218.776;"Floating";"FST_7"
"FST_7_RW.csv";"Rebecca";222.606;226.002;"Floating";"FST_7"
"FST_7_RW.csv";"Rebecca";226.495;227.495;"Floating";"FST_7"
"FST_7_RW.csv";"Rebecca";242.773;243.273;"Floating";"FST_7"
"FST_7_RW.csv";"Rebecca";245.373;250.461;"Floating";"FST_7"
"FST_7_RW.csv";"Rebecca";251.386;252.386;"Floating";"FST_7"
"FST_7_RW.csv";"Rebecca";256.273;258.419;"Floating";"FST_7"
"FST_7_RW.csv";"Rebecca";259.018;260.018;"Floating";"FST_7"
"FST_7_RW.csv";"Rebecca";283.637;284.637;"Floating";"FST_7"
"FST_7_RW.csv";"Rebecca";288.252;290.752;"Floating";"FST_7"
"FST_7_RW.csv";"Rebecca";370.781;371.36;"Floating";"FST_7"
"FST_7_RW.csv";"Rebecca";370.19;371.19;"StartEnd";"FST_7"
"FST_7_RW.csv";"Rebecca";360.735;361.735;"Floating";"FST_7"
"FST_7_RW.csv";"Rebecca";353.669;353.919;"Floating";"FST_7"
"FST_7_RW.csv";"Rebecca";356.481;357.377;"Floating";"FST_7"
"FST_7_RW.csv";"Rebecca";364.472;365.472;"Floating";"FST_7"
"FST_9_RW.csv";"Rebecca";11.231;12.385;"StartEnd";"FST_9"
"FST_9_RW.csv";"Rebecca";158.648;158.794;"Floating";"FST_9"
"FST_9_RW.csv";"Rebecca";169.856;174.044;"Floating";"FST_9"
"FST_9_RW.csv";"Rebecca";173.543;174.543;"Floating";"FST_9"
"FST_9_RW.csv";"Rebecca";174.627;174.898;"Floating";"FST_9"
"FST_9_RW.csv";"Rebecca";189.106;190.752;"Floating";"FST_9"
"FST_9_RW.csv";"Rebecca";202.252;202.919;"Floating";"FST_9"
"FST_9_RW.csv";"Rebecca";205.586;207.148;"Floating";"FST_9"
"FST_9_RW.csv";"Rebecca";215.44;216.731;"Floating";"FST_9"
"FST_9_RW.csv";"Rebecca";235.19;235.523;"Floating";"FST_9"
"FST_9_RW.csv";"Rebecca";253.461;254.002;"Floating";"FST_9"
"FST_9_RW.csv";"Rebecca";270.086;270.336;"Floating";"FST_9"
"FST_9_RW.csv";"Rebecca";273.356;273.69;"Floating";"FST_9"
"FST_9_RW.csv";"Rebecca";318.044;318.169;"Floating";"FST_9"
"FST_9_RW.csv";"Rebecca";348.356;349.19;"Floating";"FST_9"
"FST_9_RW.csv";"Rebecca";351.169;351.565;"Floating";"FST_9"
"FST_9_RW.csv";"Rebecca";370.715;371.715;"Floating";"FST_9"
"FST_9_RW.csv";"Rebecca";372.435;372.92;"StartEnd";"FST_9"
"FST_16_RW.csv";"Rebecca";12.776;13.776;"StartEnd";"FST_16"
"FST_16_RW.csv";"Rebecca";101.252;101.481;"Floating";"FST_16"
"FST_16_RW.csv";"Rebecca";105.065;107.523;"Floating";"FST_16"
"FST_16_RW.csv";"Rebecca";128.106;129.481;"Floating";"FST_16"
"FST_16_RW.csv";"Rebecca";133.565;135.148;"Floating";"FST_16"
"FST_16_RW.csv";"Rebecca";135.268;136.268;"Floating";"FST_16"
"FST_16_RW.csv";"Rebecca";135.481;136.231;"Floating";"FST_16"
"FST_16_RW.csv";"Rebecca";137.565;138.377;"Floating";"FST_16"
"FST_16_RW.csv";"Rebecca";142.461;144.252;"Floating";"FST_16"
"FST_16_RW.csv";"Rebecca";144.756;145.756;"Floating";"FST_16"
"FST_16_RW.csv";"Rebecca";146.252;150.148;"Floating";"FST_16"
"FST_16_RW.csv";"Rebecca";150.254;151.254;"Floating";"FST_16"
"FST_16_RW.csv";"Rebecca";142.059;143.059;"Floating";"FST_16"
"FST_16_RW.csv";"Rebecca";152.544;154.794;"Floating";"FST_16"
"FST_16_RW.csv";"Rebecca";155.269;156.269;"Floating";"FST_16"
"FST_16_RW.csv";"Rebecca";157.275;158.231;"Floating";"FST_16"
"FST_16_RW.csv";"Rebecca";157.012;159.086;"Floating";"FST_16"
"FST_16_RW.csv";"Rebecca";159.338;160.338;"Floating";"FST_16"
"FST_16_RW.csv";"Rebecca";163.106;166.086;"Floating";"FST_16"
"FST_16_RW.csv";"Rebecca";166.558;167.558;"Floating";"FST_16"
"FST_16_RW.csv";"Rebecca";167.19;171.815;"Floating";"FST_16"
"FST_16_RW.csv";"Rebecca";172.306;173.306;"Floating";"FST_16"
"FST_16_RW.csv";"Rebecca";181.586;183.183;"Floating";"FST_16"
"FST_16_RW.csv";"Rebecca";184.919;191.815;"Floating";"FST_16"
"FST_16_RW.csv";"Rebecca";189.03;190.03;"Floating";"FST_16"
"FST_16_RW.csv";"Rebecca";192.485;193.485;"Floating";"FST_16"
"FST_16_RW.csv";"Rebecca";192.587;194.752;"Floating";"FST_16"
"FST_16_RW.csv";"Rebecca";195.343;196.343;"Floating";"FST_16"
"FST_16_RW.csv";"Rebecca";200.502;206.023;"Floating";"FST_16"
"FST_16_RW.csv";"Rebecca";206.626;207.626;"Floating";"FST_16"
"FST_16_RW.csv";"Rebecca";241.877;242.627;"Floating";"FST_16"
"FST_16_RW.csv";"Rebecca";275.377;276.586;"Floating";"FST_16"
"FST_16_RW.csv";"Rebecca";281.106;282.252;"Floating";"FST_16"
"FST_16_RW.csv";"Rebecca";288.481;289.607;"Floating";"FST_16"
"FST_16_RW.csv";"Rebecca";293.766;294.766;"Floating";"FST_16"
"FST_16_RW.csv";"Rebecca";290.666;293.294;"Floating";"FST_16"
"FST_16_RW.csv";"Rebecca";298.937;299.937;"Floating";"FST_16"
"FST_16_RW.csv";"Rebecca";293.752;298.981;"Floating";"FST_16"
"FST_16_RW.csv";"Rebecca";299.898;304.065;"Floating";"FST_16"
"FST_16_RW.csv";"Rebecca";304.853;305.853;"Floating";"FST_16"
"FST_16_RW.csv";"Rebecca";307.548;308.548;"Floating";"FST_16"
"FST_16_RW.csv";"Rebecca";307.106;307.794;"Floating";"FST_16"
"FST_16_RW.csv";"Rebecca";329.086;337.606;"Floating";"FST_16"
"FST_16_RW.csv";"Rebecca";337.595;338.595;"Floating";"FST_16"
"FST_16_RW.csv";"Rebecca";338.336;339.836;"Floating";"FST_16"
"FST_16_RW.csv";"Rebecca";341.346;343.502;"Floating";"FST_16"
"FST_16_RW.csv";"Rebecca";340.69;342.731;"Floating";"FST_16"
"FST_16_RW.csv";"Rebecca";347.929;354.273;"Floating";"FST_16"
"FST_16_RW.csv";"Rebecca";353.524;354.524;"Floating";"FST_16"
"FST_16_RW.csv";"Rebecca";356.538;357.538;"Floating";"FST_16"
"FST_16_RW.csv";"Rebecca";354.669;355.336;"Floating";"FST_16"
"FST_16_RW.csv";"Rebecca";360.023;367.106;"Floating";"FST_16"
"FST_16_RW.csv";"Rebecca";368.152;369.152;"Floating";"FST_16"
"FST_16_RW.csv";"Rebecca";376.216;377.216;"StartEnd";"FST_16"
"FST_17_RW.csv";"Rebecca";0.006;1.006;"StartEnd";"FST_17"
"FST_17_RW.csv";"Rebecca";87.465;87.981;"Floating";"FST_17"
"FST_17_RW.csv";"Rebecca";90.127;91.627;"Floating";"FST_17"
"FST_17_RW.csv";"Rebecca";98.897;99.897;"Floating";"FST_17"
"FST_17_RW.csv";"Rebecca";119.815;120.912;"Floating";"FST_17"
"FST_17_RW.csv";"Rebecca";118.02;118.461;"Floating";"FST_17"
"FST_17_RW.csv";"Rebecca";143.94;145.731;"Floating";"FST_17"
"FST_17_RW.csv";"Rebecca";155.815;157.044;"Floating";"FST_17"
"FST_17_RW.csv";"Rebecca";162.773;165.211;"Floating";"FST_17"
"FST_17_RW.csv";"Rebecca";165.341;166.341;"Floating";"FST_17"
"FST_17_RW.csv";"Rebecca";176.419;183.648;"Floating";"FST_17"
"FST_17_RW.csv";"Rebecca";184.368;185.368;"Floating";"FST_17"
"FST_17_RW.csv";"Rebecca";190.523;191.231;"Floating";"FST_17"
"FST_17_RW.csv";"Rebecca";192.274;193.274;"Floating";"FST_17"
"FST_17_RW.csv";"Rebecca";204.023;205.898;"Floating";"FST_17"
"FST_17_RW.csv";"Rebecca";217.815;218.919;"Floating";"FST_17"
"FST_17_RW.csv";"Rebecca";220.044;221.44;"Floating";"FST_17"
"FST_17_RW.csv";"Rebecca";226.044;227.539;"Floating";"FST_17"
"FST_17_RW.csv";"Rebecca";247.961;249.211;"Floating";"FST_17"
"FST_17_RW.csv";"Rebecca";256.315;257.023;"Floating";"FST_17"
"FST_17_RW.csv";"Rebecca";260.175;261.175;"Floating";"FST_17"
"FST_17_RW.csv";"Rebecca";259.25;259.919;"Floating";"FST_17"
"FST_17_RW.csv";"Rebecca";340.481;341.461;"Floating";"FST_17"
"FST_17_RW.csv";"Rebecca";361.812;362.812;"StartEnd";"FST_17"
"FST_25_RW.csv";"Rebecca";8.035;9.035;"StartEnd";"FST_25"
"FST_25_RW.csv";"Rebecca";90.711;92.076;"Floating";"FST_25"
"FST_25_RW.csv";"Rebecca";92.169;94.69;"Floating";"FST_25"
"FST_25_RW.csv";"Rebecca";95.172;96.172;"Floating";"FST_25"
"FST_25_RW.csv";"Rebecca";96.273;96.752;"Floating";"FST_25"
"FST_25_RW.csv";"Rebecca";97.315;98.023;"Floating";"FST_25"
"FST_25_RW.csv";"Rebecca";101.773;104.627;"Floating";"FST_25"
"FST_25_RW.csv";"Rebecca";112.419;112.919;"Floating";"FST_25"
"FST_25_RW.csv";"Rebecca";118.981;119.981;"Floating";"FST_25"
"FST_25_RW.csv";"Rebecca";125.961;128.315;"Floating";"FST_25"
"FST_25_RW.csv";"Rebecca";128.809;129.809;"Floating";"FST_25"
"FST_25_RW.csv";"Rebecca";130.877;132.065;"Floating";"FST_25"
"FST_25_RW.csv";"Rebecca";156.002;156.481;"Floating";"FST_25"
"FST_25_RW.csv";"Rebecca";167.231;169.794;"Floating";"FST_25"
"FST_25_RW.csv";"Rebecca";170.56;171.56;"Floating";"FST_25"
"FST_25_RW.csv";"Rebecca";181.502;182.273;"Floating";"FST_25"
"FST_25_RW.csv";"Rebecca";201.502;202.336;"Floating";"FST_25"
"FST_25_RW.csv";"Rebecca";307.794;310.586;"Floating";"FST_25"
"FST_25_RW.csv";"Rebecca";311.267;312.267;"Floating";"FST_25"
"FST_25_RW.csv";"Rebecca";326.648;328.534;"Floating";"FST_25"
"FST_25_RW.csv";"Rebecca";333.856;335.356;"Floating";"FST_25"
"FST_25_RW.csv";"Rebecca";338.26;339.26;"Floating";"FST_25"
"FST_25_RW.csv";"Rebecca";342.294;343.586;"Floating";"FST_25"
"FST_25_RW.csv";"Rebecca";370.845;371.8;"StartEnd";"FST_25"
"FST_28_RW.csv";"Rebecca";12.27;13.27;"StartEnd";"FST_28"
"FST_28_RW.csv";"Rebecca";94.106;94.481;"Floating";"FST_28"
"FST_28_RW.csv";"Rebecca";95.086;96.377;"Floating";"FST_28"
"FST_28_RW.csv";"Rebecca";112.898;113.711;"Floating";"FST_28"
"FST_28_RW.csv";"Rebecca";120.419;121.44;"Floating";"FST_28"
"FST_28_RW.csv";"Rebecca";341.565;342.569;"Floating";"FST_28"
"FST_28_RW.csv";"Rebecca";373.368;374.16;"StartEnd";"FST_28"
